id,Fleet,Time,Obs,Exp,sel_bio,sel_num,F,Like,Mult
0018-2024dataASPMv2,2,1981.5,19.11,19.11,19.11,0.893105,0.0029143,1.14666e-12,1
0018-2024dataASPMv2,2,1982.5,6.39,6.39,6.39,0.297802,0.000980537,1.19567e-12,1
0018-2024dataASPMv2,2,1983.5,0.56,0.56,0.56,0.026162,8.56191e-05,1.15818e-12,1
0018-2024dataASPMv2,2,1984.5,2.43,2.43,2.43,0.11376,0.000363508,1.1011e-12,1
0018-2024dataASPMv2,2,1985.5,0.02,0.02,0.02,0.000934406,2.90574e-06,1.04048e-12,1
0018-2024dataASPMv2,2,1986.5,1.27,1.27,1.27,0.0590961,0.000180789,1.03931e-12,1
0018-2024dataASPMv2,2,1987.5,3.5,3.5,3.5,0.162845,0.000495336,1.04931e-12,1
0018-2024dataASPMv2,2,1988.5,156.34,156.34,156.34,7.30898,0.0220412,1.04487e-12,1
0018-2024dataASPMv2,2,1989.5,4.76,4.76,4.76,0.223757,0.000662861,1.02462e-12,1
0018-2024dataASPMv2,2,1990.5,15.2,15.2,15.2,0.713978,0.00210156,1.04999e-12,1
0018-2024dataASPMv2,2,1991.5,23.26,23.26,23.26,1.09256,0.00320866,1.03429e-12,1
0018-2024dataASPMv2,2,1992.5,2.16,2.16,2.16,0.101881,0.000297179,1.11032e-12,1
0018-2024dataASPMv2,2,1993.5,0.8,0.8,0.8,0.038527,0.000107642,1.08925e-12,1
0018-2024dataASPMv2,2,1994.5,20.78,20.78,20.78,1.01537,0.00262693,1.12156e-12,1
0018-2024dataASPMv2,3,1985.5,0.00014,0.00014,0.00665458,0.00014,1.81662e-07,7.07821e-11,1
0018-2024dataASPMv2,3,1986.5,0.00052,0.00052,0.0249461,0.00052,6.5856e-07,6.76126e-11,1
0018-2024dataASPMv2,3,1987.5,0.00195,0.00195,0.0945516,0.00195,2.42735e-06,6.54153e-11,1
0018-2024dataASPMv2,3,1988.5,0.0073,0.0073,0.356487,0.0073,8.9527e-06,6.35161e-11,1
0018-2024dataASPMv2,3,1989.5,0.02742,0.02742,1.34164,0.02742,3.31392e-05,6.17329e-11,1
0018-2024dataASPMv2,3,1990.5,0.10292,0.10292,5.06211,0.10292,0.000123694,6.11869e-11,1
0018-2024dataASPMv2,3,1991.5,0.38633,0.38633,19.0723,0.38633,0.000462588,6.07132e-11,1
0018-2024dataASPMv2,3,1992.5,3.54935,3.54935,174.747,3.54935,0.00422306,6.04236e-11,1
0018-2024dataASPMv2,3,1993.5,3.50491,3.50491,167.881,3.50491,0.00405585,5.75102e-11,1
0018-2024dataASPMv2,3,1994.5,2.78035,2.78035,128.839,2.78035,0.00307869,5.35641e-11,1
0018-2024dataASPMv2,3,1995.5,2.33534,2.33534,107.888,2.33534,0.00253843,5.19614e-11,1
0018-2024dataASPMv2,3,1996.5,2.20436,2.20436,104.035,2.20436,0.00241982,5.21058e-11,1
0018-2024dataASPMv2,3,1997.5,2.62794,2.62794,127.418,2.62794,0.00294151,5.4342e-11,1
0018-2024dataASPMv2,3,1998.5,2.48406,2.48406,122.754,2.48406,0.00280552,5.59746e-11,1
0018-2024dataASPMv2,3,1999.5,2.4446,2.4446,121.356,2.4446,0.00277872,5.62278e-11,1
0018-2024dataASPMv2,3,2000.5,1.92385,1.92385,93.7841,1.92385,0.00217027,5.53506e-11,1
0018-2024dataASPMv2,3,2001.5,0.46127,0.46127,21.8701,0.46127,0.000507314,5.24777e-11,1
0018-2024dataASPMv2,3,2002.5,0.41432,0.41432,19.204,0.41432,0.000442966,4.98009e-11,1
0018-2024dataASPMv2,3,2003.5,0.26283,0.26283,11.9528,0.26283,0.000271611,4.66658e-11,1
0018-2024dataASPMv2,3,2004.5,0.21754,0.21754,9.79642,0.21754,0.00021837,4.36681e-11,1
0018-2024dataASPMv2,3,2005.5,0.41636,0.41636,18.8077,0.41636,0.000409095,4.19805e-11,1
0018-2024dataASPMv2,3,2006.5,0.26728,0.26728,12.2688,0.26728,0.000259149,4.10068e-11,1
0018-2024dataASPMv2,3,2007.5,0.35873,0.35873,16.7915,0.35873,0.000346388,4.04682e-11,1
0018-2024dataASPMv2,3,2008.5,0.38226,0.38226,18.1439,0.38226,0.000365789,3.95932e-11,1
0018-2024dataASPMv2,3,2009.5,0.48435,0.48435,23.2394,0.48435,0.000458816,3.85515e-11,1
0018-2024dataASPMv2,3,2010.5,0.61127,0.61127,29.269,0.61127,0.000570994,3.76424e-11,1
0018-2024dataASPMv2,3,2011.5,0.44026,0.44026,20.4765,0.44026,0.000394709,3.49071e-11,1
0018-2024dataASPMv2,3,2012.5,0.39371,0.39371,17.6148,0.39371,0.00033069,3.06331e-11,1
0018-2024dataASPMv2,3,2013.5,0.35129,0.35129,15.4356,0.35129,0.000277051,2.67934e-11,1
0018-2024dataASPMv2,3,2014.5,0.56122,0.56122,25.044,0.56122,0.000429655,2.51327e-11,1
0018-2024dataASPMv2,3,2015.5,0.59414,0.59414,27.4111,0.59414,0.000456048,2.52317e-11,1
0018-2024dataASPMv2,3,2016.5,0.41507,0.41507,19.8077,0.41507,0.000320717,2.58166e-11,1
0018-2024dataASPMv2,3,2017.5,0.597377,0.597377,29.5423,0.597377,0.000467123,2.61925e-11,1
0018-2024dataASPMv2,3,2018.5,0.271751,0.271751,13.864,0.271751,0.000218196,2.75841e-11,1
0018-2024dataASPMv2,3,2019.5,0.313474,0.313474,16.3752,0.313474,0.000263195,2.99122e-11,1
0018-2024dataASPMv2,3,2020.5,0.64948,0.64948,34.331,0.64948,0.000577987,3.35574e-11,1
0018-2024dataASPMv2,3,2021.5,0.375929,0.375929,19.8903,0.375929,0.000350967,3.71281e-11,1
0018-2024dataASPMv2,3,2022.5,0.449174,0.449174,23.2698,0.449174,0.000423159,3.79607e-11,1
0018-2024dataASPMv2,4,1975.5,0.0508,0.0508,3.7991,0.0508,0.000235377,8.94498e-10,1
0018-2024dataASPMv2,4,1976.5,0.06577,0.06577,4.89695,0.06577,0.00029084,8.14133e-10,1
0018-2024dataASPMv2,4,1977.5,0.07631,0.07631,5.66127,0.07631,0.000328809,7.72547e-10,1
0018-2024dataASPMv2,4,1978.5,0.064,0.064,4.72537,0.064,0.000268105,7.30544e-10,1
0018-2024dataASPMv2,4,1979.5,0.02694,0.02694,1.98427,0.02694,0.000108595,6.76409e-10,1
0018-2024dataASPMv2,4,1980.5,0.00078,0.00078,0.0575154,0.00078,3.04477e-06,6.34335e-10,1
0018-2024dataASPMv2,4,1981.5,0.00226,0.00226,0.167248,0.00226,8.60707e-06,6.03709e-10,1
0018-2024dataASPMv2,4,1982.5,0.01008,0.01008,0.750315,0.01008,3.75371e-05,5.77374e-10,1
0018-2024dataASPMv2,4,1983.5,0.02985,0.02985,2.23706,0.02985,0.000108399,5.49196e-10,1
0018-2024dataASPMv2,4,1984.5,0.01369,0.01369,1.03076,0.01369,4.83831e-05,5.20279e-10,1
0018-2024dataASPMv2,4,1985.5,0.0238,0.0238,1.79614,0.0238,8.15092e-05,4.88615e-10,1
0018-2024dataASPMv2,4,1986.5,0.04163,0.04163,3.14936,0.04163,0.000137956,4.57499e-10,1
0018-2024dataASPMv2,4,1987.5,0.02852,0.02852,2.16881,0.02852,9.20732e-05,4.34111e-10,1
0018-2024dataASPMv2,4,1988.5,0.04022,0.04022,3.07887,0.04022,0.000127734,4.20081e-10,1
0018-2024dataASPMv2,4,1989.5,0.19477,0.19477,14.9858,0.19477,0.00061351,4.13797e-10,1
0018-2024dataASPMv2,4,1990.5,0.47117,0.47117,36.3757,0.47117,0.00147829,4.10387e-10,1
0018-2024dataASPMv2,4,1991.5,0.45554,0.45554,35.2581,0.45554,0.00142601,4.08852e-10,1
0018-2024dataASPMv2,4,1992.5,0.65265,0.65265,50.5781,0.65265,0.00204375,4.10581e-10,1
0018-2024dataASPMv2,4,1993.5,0.79869,0.79869,61.847,0.79869,0.00252095,4.18845e-10,1
0018-2024dataASPMv2,4,1994.5,0.78744,0.78744,60.5373,0.78744,0.00247253,4.17408e-10,1
0018-2024dataASPMv2,4,1995.5,1.08125,1.08125,82.1229,1.08125,0.00332608,4.02222e-10,1
0018-2024dataASPMv2,4,1996.5,1.03708,1.03708,77.9536,1.03708,0.00309509,3.75285e-10,1
0018-2024dataASPMv2,4,1997.5,1.16492,1.16492,87.5382,1.16492,0.00338663,3.5678e-10,1
0018-2024dataASPMv2,4,1998.5,1.40892,1.40892,106.69,1.40892,0.00402091,3.45995e-10,1
0018-2024dataASPMv2,4,1999.5,1.39588,1.39588,107.084,1.39588,0.00402573,3.52241e-10,1
0018-2024dataASPMv2,4,2000.5,1.34185,1.34185,104.06,1.34185,0.00399675,3.74996e-10,1
0018-2024dataASPMv2,4,2001.5,1.66684,1.66684,129.593,1.66684,0.00508156,3.92146e-10,1
0018-2024dataASPMv2,4,2002.5,1.74021,1.74021,134.319,1.74021,0.00532828,3.95939e-10,1
0018-2024dataASPMv2,4,2003.5,1.84164,1.84164,140.305,1.84164,0.00553051,3.81326e-10,1
0018-2024dataASPMv2,4,2004.5,1.80197,1.80197,135.837,1.80197,0.00524773,3.57179e-10,1
0018-2024dataASPMv2,4,2005.5,1.70908,1.70908,127.995,1.70908,0.00479698,3.32389e-10,1
0018-2024dataASPMv2,4,2006.5,1.6253,1.6253,121.265,1.6253,0.00436817,3.05376e-10,1
0018-2024dataASPMv2,4,2007.5,1.80038,1.80038,134.593,1.80038,0.00467549,2.84641e-10,1
0018-2024dataASPMv2,4,2008.5,2.17988,2.17988,164.041,2.17988,0.00551596,2.69721e-10,1
0018-2024dataASPMv2,4,2009.5,1.95448,1.95448,148.444,1.95448,0.00486608,2.6033e-10,1
0018-2024dataASPMv2,4,2010.5,1.35794,1.35794,104.051,1.35794,0.00338346,2.61177e-10,1
0018-2024dataASPMv2,4,2011.5,1.50953,1.50953,115.936,1.50953,0.00377706,2.64527e-10,1
0018-2024dataASPMv2,4,2012.5,1.3283,1.3283,101.342,1.3283,0.00327275,2.55892e-10,1
0018-2024dataASPMv2,4,2013.5,1.45034,1.45034,109.324,1.45034,0.00341207,2.32172e-10,1
0018-2024dataASPMv2,4,2014.5,1.58609,1.58609,118.22,1.58609,0.00351137,2.05165e-10,1
0018-2024dataASPMv2,4,2015.5,1.73475,1.73475,128.945,1.73475,0.00364943,1.85263e-10,1
0018-2024dataASPMv2,4,2016.5,2.39822,2.39822,179.254,2.39822,0.00484026,1.7142e-10,1
0018-2024dataASPMv2,4,2017.5,2.91678,2.91678,220.561,2.91678,0.00571988,1.61061e-10,1
0018-2024dataASPMv2,4,2018.5,3.13598,3.13598,241.223,3.13598,0.00616789,1.6195e-10,1
0018-2024dataASPMv2,4,2019.5,2.37931,2.37931,186.907,2.37931,0.00487373,1.74933e-10,1
0018-2024dataASPMv2,4,2020.5,1.95876,1.95876,157.45,1.95876,0.00433542,2.03954e-10,1
0018-2024dataASPMv2,4,2021.5,1.30406,1.30406,106.359,1.30406,0.00311965,2.38512e-10,1
0018-2024dataASPMv2,4,2022.5,0.728291,0.728291,59.4007,0.728291,0.00182859,2.63162e-10,1
0018-2024dataASPMv2,5,1981.5,168.23,168.23,168.23,6.68464,0.0178296,6.01917e-13,1
0018-2024dataASPMv2,5,1982.5,354.2,354.2,354.2,13.9988,0.0375828,6.24089e-13,1
0018-2024dataASPMv2,5,1983.5,222.52,222.52,222.52,8.79696,0.0234686,6.00631e-13,1
0018-2024dataASPMv2,5,1984.5,161.59,161.59,161.59,6.39892,0.0166879,5.72076e-13,1
0018-2024dataASPMv2,5,1985.5,153.04,153.04,153.04,6.04957,0.0153485,5.41013e-13,1
0018-2024dataASPMv2,5,1986.5,318.69,318.69,318.69,12.5355,0.0312269,5.4013e-13,1
0018-2024dataASPMv2,5,1987.5,409.92,409.92,409.92,16.0906,0.0398037,5.42134e-13,1
0018-2024dataASPMv2,5,1988.5,174.11,174.11,174.11,6.85813,0.0168391,5.38921e-13,1
0018-2024dataASPMv2,5,1989.5,257.54,257.54,257.54,10.2058,0.0246881,5.3848e-13,1
0018-2024dataASPMv2,5,1990.5,368.24,368.24,368.24,14.5956,0.035102,5.54779e-13,1
0018-2024dataASPMv2,5,1991.5,201.3,201.3,201.3,7.98149,0.0191505,5.49382e-13,1
0018-2024dataASPMv2,5,1992.5,143.68,143.68,143.68,5.72198,0.0136448,6.09282e-13,1
0018-2024dataASPMv2,5,1993.5,124.53,124.53,124.53,5.07571,0.0116563,6.21598e-13,1
0018-2024dataASPMv2,5,1994.5,110.6,110.6,110.6,4.59555,0.0098513,6.90072e-13,1
0018-2024dataASPMv2,5,1995.5,90.8,90.8,90.8,3.7204,0.00764515,6.69696e-13,1
0018-2024dataASPMv2,5,1996.5,93.61,93.61,93.61,3.7064,0.00773501,5.55032e-13,1
0018-2024dataASPMv2,5,1997.5,132.9,132.9,132.9,5.13343,0.011206,5.92597e-13,1
0018-2024dataASPMv2,5,1998.5,98.68,98.68,98.68,3.78647,0.00855677,7.06763e-13,1
0018-2024dataASPMv2,5,1999.5,57.9,57.9,57.9,2.2549,0.00520171,6.87851e-13,1
0018-2024dataASPMv2,5,2000.5,75.51,75.51,75.51,3.03801,0.00691286,7.05317e-13,1
0018-2024dataASPMv2,5,2001.5,40.82,40.82,40.82,1.68942,0.00366622,6.65658e-13,1
0018-2024dataASPMv2,5,2002.5,81.51,81.51,81.51,3.40255,0.00699296,6.4316e-13,1
0018-2024dataASPMv2,5,2003.5,67.97,67.97,67.97,2.83001,0.00553797,6.10264e-13,1
0018-2024dataASPMv2,5,2004.5,53.19,53.19,53.19,2.20331,0.00416143,5.12423e-13,1
0018-2024dataASPMv2,5,2005.5,33.46,33.46,33.46,1.37084,0.00252804,4.97004e-13,1
0018-2024dataASPMv2,5,2006.5,45.17,45.17,45.17,1.81483,0.00332375,4.88388e-13,1
0018-2024dataASPMv2,5,2007.5,43.45,43.45,43.45,1.71961,0.00318867,4.59817e-13,1
0018-2024dataASPMv2,5,2008.5,31.93,31.93,31.93,1.25953,0.00235225,4.40194e-13,1
0018-2024dataASPMv2,5,2009.5,30.18,30.18,30.18,1.19482,0.00223444,4.09874e-13,1
0018-2024dataASPMv2,5,2010.5,20.74,20.74,20.74,0.832874,0.00154101,4.31645e-13,1
0018-2024dataASPMv2,5,2011.5,17.38,17.38,17.38,0.718165,0.00125995,4.34056e-13,1
0018-2024dataASPMv2,5,2012.5,21.67,21.67,21.67,0.917341,0.00146954,3.85858e-13,1
0018-2024dataASPMv2,5,2013.5,29.06,29.06,29.06,1.22848,0.0018051,2.99663e-13,1
0018-2024dataASPMv2,5,2014.5,16.29,16.29,16.29,0.669526,0.000950235,2.49704e-13,1
0018-2024dataASPMv2,5,2015.5,13.28,13.28,13.28,0.528249,0.000766048,2.40421e-13,1
0018-2024dataASPMv2,5,2016.5,19.08,19.08,19.08,0.742107,0.00111313,2.80003e-13,1
0018-2024dataASPMv2,5,2017.5,19.36,19.36,19.36,0.740685,0.00115796,2.54538e-13,1
0018-2024dataASPMv2,5,2018.5,17.65,17.65,17.65,0.672231,0.00111265,2.75097e-13,1
0018-2024dataASPMv2,5,2019.5,28.92,28.92,28.92,1.11272,0.00197865,2.88511e-13,1
0018-2024dataASPMv2,5,2020.5,6.94,6.94,6.94,0.274109,0.000524596,3.42865e-13,1
0018-2024dataASPMv2,5,2021.5,7.6,7.6,7.6,0.307023,0.000611024,4.11846e-13,1
0018-2024dataASPMv2,5,2022.5,4.59,4.59,4.59,0.188577,0.000371085,4.43157e-13,1
0018-2024dataASPMv2,6,2005.5,1.34,1.34,60.5301,1.34,0.00131662,4.19805e-11,1
0018-2024dataASPMv2,6,2006.5,1.87,1.87,85.8374,1.87,0.00181311,4.10068e-11,1
0018-2024dataASPMv2,6,2007.5,0.88,0.88,41.1912,0.88,0.000849725,4.04682e-11,1
0018-2024dataASPMv2,6,2008.5,0.63,0.63,29.9029,0.63,0.000602854,3.95932e-11,1
0018-2024dataASPMv2,6,2009.5,0.72,0.72,34.5461,0.72,0.000682043,3.85515e-11,1
0018-2024dataASPMv2,6,2010.5,0.4,0.4,19.1529,0.4,0.000373644,3.76424e-11,1
0018-2024dataASPMv2,6,2011.5,0.41,0.41,19.0691,0.41,0.00036758,3.49071e-11,1
0018-2024dataASPMv2,6,2012.5,0.87,0.87,38.9244,0.87,0.000730741,3.06331e-11,1
0018-2024dataASPMv2,6,2013.5,0.92,0.92,40.4245,0.92,0.000725575,2.67934e-11,1
0018-2024dataASPMv2,6,2014.5,0.57,0.57,25.4358,0.57,0.000436376,2.51327e-11,1
0018-2024dataASPMv2,6,2015.5,0.23,0.23,10.6112,0.23,0.000176543,2.52317e-11,1
0018-2024dataASPMv2,6,2016.5,0.21,0.21,10.0215,0.21,0.000162263,2.58166e-11,1
0018-2024dataASPMv2,6,2017.5,0.317,0.317,15.6767,0.317,0.00024788,2.61925e-11,1
0018-2024dataASPMv2,6,2018.5,0.337,0.337,17.1928,0.337,0.000270586,2.75841e-11,1
0018-2024dataASPMv2,6,2019.5,0.229,0.229,11.9625,0.229,0.00019227,2.99122e-11,1
0018-2024dataASPMv2,6,2020.5,0.077,0.077,4.07016,0.077,6.8524e-05,3.35574e-11,1
0018-2024dataASPMv2,6,2021.5,0.053,0.053,2.80422,0.053,4.94807e-05,3.71281e-11,1
0018-2024dataASPMv2,6,2022.5,0.159,0.159,8.2371,0.159,0.000149791,3.79607e-11,1
0018-2024dataASPMv2,7,1994.5,7.17236,7.17236,335.995,7.17236,0.0173694,2.50891e-10,1
0018-2024dataASPMv2,7,1995.5,8.4377,8.4377,388.846,8.4377,0.0193763,2.26751e-10,1
0018-2024dataASPMv2,7,1996.5,9.40101,9.40101,434.847,9.40101,0.0208866,2.10325e-10,1
0018-2024dataASPMv2,7,1997.5,10.0845,10.0845,475.735,10.0845,0.0224602,2.11719e-10,1
0018-2024dataASPMv2,7,1998.5,10.316,10.316,496.487,10.316,0.0233458,2.20201e-10,1
0018-2024dataASPMv2,7,1999.5,11.5036,11.5036,559.699,11.5036,0.0269648,2.35003e-10,1
0018-2024dataASPMv2,7,2000.5,13.9411,13.9411,674.881,13.9411,0.0337644,2.50505e-10,1
0018-2024dataASPMv2,7,2001.5,13.24,13.24,629.735,13.24,0.0320641,2.50101e-10,1
0018-2024dataASPMv2,7,2002.5,11.1626,11.1626,519.556,11.1626,0.0261743,2.35083e-10,1
0018-2024dataASPMv2,7,2003.5,11.1131,11.1131,510.583,11.1131,0.0248533,2.14434e-10,1
0018-2024dataASPMv2,7,2004.5,13.147,13.147,602.221,13.147,0.0282081,1.9632e-10,1
0018-2024dataASPMv2,7,2005.5,14.2289,14.2289,652.444,14.2289,0.0293479,1.81841e-10,1
0018-2024dataASPMv2,7,2006.5,14.9229,14.9229,688.829,14.9229,0.0296766,1.69435e-10,1
0018-2024dataASPMv2,7,2007.5,17.7938,17.7938,832.16,17.7938,0.0348919,1.64278e-10,1
0018-2024dataASPMv2,7,2008.5,14.2016,14.2016,672.567,14.2016,0.0277593,1.62763e-10,1
0018-2024dataASPMv2,7,2009.5,18.0954,18.0954,864.395,18.0954,0.0354558,1.62839e-10,1
0018-2024dataASPMv2,7,2010.5,17.542,17.542,838.85,17.542,0.0346517,1.65882e-10,1
0018-2024dataASPMv2,7,2011.5,9.85725,9.85725,466.24,9.85725,0.0192867,1.63345e-10,1
0018-2024dataASPMv2,7,2012.5,12.5866,12.5866,583.388,12.5866,0.0234624,1.48212e-10,1
0018-2024dataASPMv2,7,2013.5,10.0752,10.0752,458.817,10.0752,0.0173352,1.25658e-10,1
0018-2024dataASPMv2,7,2017.5,12.2745,12.2745,591.732,12.2745,0.0191264,1.02657e-10,1
0018-2024dataASPMv2,7,2018.5,13.9106,13.9106,683.89,13.9106,0.0226036,1.11492e-10,1
0018-2024dataASPMv2,7,2019.5,12.4216,12.4216,620.724,12.4216,0.0218179,1.29514e-10,1
0018-2024dataASPMv2,7,2020.5,8.2778,8.2778,417.163,8.2778,0.0161543,1.59619e-10,1
0018-2024dataASPMv2,7,2021.5,6.69501,6.69501,334.535,6.69501,0.0140893,1.86031e-10,1
0018-2024dataASPMv2,7,2022.5,8.96167,8.96167,439.496,8.96167,0.0192544,1.94472e-10,1
0018-2024dataASPMv2,8,1992.5,8.46385,8.46385,694.101,8.46385,0.0319643,5.95499e-10,1
0018-2024dataASPMv2,8,1993.5,14.3119,14.3119,1174.35,14.3119,0.0546014,6.0999e-10,1
0018-2024dataASPMv2,8,1994.5,14.5476,14.5476,1189.39,14.5476,0.0555296,6.14063e-10,1
0018-2024dataASPMv2,8,1995.5,17.4417,17.4417,1415.62,17.4417,0.0657523,6.00952e-10,1
0018-2024dataASPMv2,8,1996.5,10.8849,10.8849,874.851,10.8849,0.0398813,5.63292e-10,1
0018-2024dataASPMv2,8,1997.5,10.6498,10.6498,851.418,10.6498,0.0376775,5.26115e-10,1
0018-2024dataASPMv2,8,1998.5,11.0443,11.0443,884.919,11.0443,0.037959,4.99251e-10,1
0018-2024dataASPMv2,8,1999.5,16.1963,16.1963,1310.67,16.1963,0.0559359,5.02884e-10,1
0018-2024dataASPMv2,8,2000.5,11.4893,11.4893,940.571,11.4893,0.0410473,5.372e-10,1
0018-2024dataASPMv2,8,2001.5,9.61123,9.61123,791.831,9.61123,0.0353929,5.69779e-10,1
0018-2024dataASPMv2,8,2002.5,9.37286,9.37286,770.868,9.37286,0.0350108,5.86585e-10,1
0018-2024dataASPMv2,8,2003.5,9.34789,9.34789,761.744,9.34789,0.0344853,5.72599e-10,1
0018-2024dataASPMv2,8,2004.5,7.17326,7.17326,578.68,7.17326,0.0256769,5.37335e-10,1
0018-2024dataASPMv2,8,2005.5,6.3679,6.3679,510.252,6.3679,0.0219439,4.98778e-10,1
0018-2024dataASPMv2,8,2006.5,7.96196,7.96196,634.921,7.96196,0.0262185,4.56237e-10,1
0018-2024dataASPMv2,8,2007.5,7.47791,7.47791,595.648,7.47791,0.023665,4.20822e-10,1
0018-2024dataASPMv2,8,2008.5,4.52437,4.52437,361.542,4.52437,0.0138651,3.94022e-10,1
0018-2024dataASPMv2,8,2009.5,2.61623,2.61623,210.508,2.61623,0.00785558,3.7734e-10,1
0018-2024dataASPMv2,8,2010.5,3.15606,3.15606,256.095,3.15606,0.00948076,3.78213e-10,1
0018-2024dataASPMv2,8,2011.5,2.8281,2.8281,230.524,2.8281,0.00856731,3.86119e-10,1
0018-2024dataASPMv2,8,2012.5,2.52205,2.52205,205.112,2.52205,0.00757916,3.79073e-10,1
0018-2024dataASPMv2,8,2013.5,1.37486,1.37486,111.003,1.37486,0.00397707,3.49736e-10,1
0018-2024dataASPMv2,8,2014.5,2.7047,2.7047,216.306,2.7047,0.00738726,3.11261e-10,1
0018-2024dataASPMv2,8,2015.5,3.91835,3.91835,311.422,3.91835,0.0101114,2.77875e-10,1
0018-2024dataASPMv2,8,2016.5,2.32838,2.32838,185.049,2.32838,0.00570608,2.51708e-10,1
0018-2024dataASPMv2,8,2017.5,1.25613,1.25613,100.475,1.25613,0.00296316,2.3235e-10,1
0018-2024dataASPMv2,8,2018.5,1.37513,1.37513,111.386,1.37513,0.00322962,2.30265e-10,1
0018-2024dataASPMv2,8,2019.5,1.39491,1.39491,114.939,1.39491,0.00339276,2.46124e-10,1
0018-2024dataASPMv2,8,2020.5,0.96333,0.96333,81.0367,0.96333,0.0025254,2.85577e-10,1
0018-2024dataASPMv2,8,2021.5,0.84771,0.84771,72.4751,0.84771,0.00241195,3.36652e-10,1
0018-2024dataASPMv2,8,2022.5,0.41751,0.41751,35.8571,0.41751,0.0012576,3.77754e-10,1
0018-2024dataASPMv2,9,1994.5,110.46,110.46,110.46,3.31018,0.0101536,7.67995e-13,1
0018-2024dataASPMv2,9,1995.5,92.55,92.55,92.55,2.79164,0.00799518,7.45344e-13,1
0018-2024dataASPMv2,9,1996.5,90.76,90.76,90.76,2.69282,0.007519,5.87945e-13,1
0018-2024dataASPMv2,9,1997.5,114.49,114.49,114.49,3.32261,0.00952525,6.10656e-13,1
0018-2024dataASPMv2,9,1998.5,116.95,116.95,116.95,3.34985,0.00997989,7.31839e-13,1
0018-2024dataASPMv2,9,1999.5,158.45,158.45,158.45,4.54672,0.0141604,7.2533e-13,1
0018-2024dataASPMv2,9,2000.5,139.72,139.72,139.72,4.07648,0.01298,7.62109e-13,1
0018-2024dataASPMv2,9,2001.5,139.86,139.86,139.86,4.16866,0.0129719,7.41241e-13,1
0018-2024dataASPMv2,9,2002.5,121.94,121.94,121.94,3.68815,0.0108564,7.21789e-13,1
0018-2024dataASPMv2,9,2003.5,228.74,228.74,228.74,6.92534,0.0192327,6.82497e-13,1
0018-2024dataASPMv2,9,2004.5,133.5,133.5,133.5,4.02658,0.0107247,5.63685e-13,1
0018-2024dataASPMv2,9,2005.5,154.95,154.95,154.95,4.65394,0.011951,5.42864e-13,1
0018-2024dataASPMv2,9,2006.5,177.88,177.88,177.88,5.28944,0.0132101,5.25091e-13,1
0018-2024dataASPMv2,9,2007.5,243.83,243.83,243.83,7.15895,0.0178942,4.86592e-13,1
0018-2024dataASPMv2,9,2008.5,212.49,212.49,212.49,6.19352,0.0156368,4.61738e-13,1
0018-2024dataASPMv2,9,2009.5,294.17,294.17,294.17,8.56718,0.0218477,4.30398e-13,1
0018-2024dataASPMv2,9,2010.5,272,272,272,7.97064,0.0204584,4.61256e-13,1
0018-2024dataASPMv2,9,2011.5,146.36,146.36,146.36,4.35072,0.0109036,4.81136e-13,1
0018-2024dataASPMv2,9,2012.5,206.07,206.07,206.07,6.236,0.0145624,4.34542e-13,1
0018-2024dataASPMv2,9,2013.5,344.67,344.67,344.67,10.5246,0.0223079,3.33483e-13,1
0018-2024dataASPMv2,9,2014.5,263.22,263.22,263.22,7.96433,0.015722,2.66928e-13,1
0018-2024dataASPMv2,9,2015.5,334.13,334.13,334.13,9.89658,0.0193298,2.47919e-13,1
0018-2024dataASPMv2,9,2016.5,445.69,445.69,445.69,12.9532,0.0257641,2.872e-13,1
0018-2024dataASPMv2,9,2017.5,271.13,271.13,271.13,7.76921,0.0159671,2.53017e-13,1
0018-2024dataASPMv2,9,2018.5,223.22,223.22,223.22,6.34134,0.0138607,2.72582e-13,1
0018-2024dataASPMv2,9,2019.5,213.61,213.61,213.61,6.05965,0.014523,2.86901e-13,1
0018-2024dataASPMv2,9,2020.5,194.27,194.27,194.27,5.5669,0.0148663,3.49839e-13,1
0018-2024dataASPMv2,9,2021.5,133.47,133.47,133.47,3.90074,0.011049,4.30577e-13,1
0018-2024dataASPMv2,9,2022.5,159.75,159.75,159.75,4.73596,0.0133815,4.72322e-13,1
0018-2024dataASPMv2,10,1994.5,68.92,68.92,68.92,1.65088,0.00469748,5.14968e-13,1
0018-2024dataASPMv2,10,1995.5,65.43,65.43,65.43,1.58767,0.00425926,5.2856e-13,1
0018-2024dataASPMv2,10,1996.5,398.68,398.68,398.68,9.59833,0.0248815,3.9028e-13,1
0018-2024dataASPMv2,10,1997.5,205.95,205.95,205.95,4.85589,0.0126851,3.99127e-13,1
0018-2024dataASPMv2,10,1998.5,21.08,21.08,21.08,0.488078,0.00130569,4.80839e-13,1
0018-2024dataASPMv2,10,1999.5,218.93,218.93,218.93,5.03518,0.0140339,4.60167e-13,1
0018-2024dataASPMv2,10,2000.5,104.37,104.37,104.37,2.42307,0.00697773,4.76841e-13,1
0018-2024dataASPMv2,10,2001.5,210.23,210.23,210.23,4.97683,0.0142544,4.69814e-13,1
0018-2024dataASPMv2,10,2002.5,120.39,120.39,120.39,2.90692,0.00799866,4.7506e-13,1
0018-2024dataASPMv2,10,2003.5,19.3,19.3,19.3,0.470165,0.00122644,4.61461e-13,1
0018-2024dataASPMv2,10,2004.5,26.27,26.27,26.27,0.639907,0.00159841,3.73733e-13,1
0018-2024dataASPMv2,10,2005.5,61.32,61.32,61.32,1.48967,0.00357813,3.64196e-13,1
0018-2024dataASPMv2,10,2006.5,9.56,9.56,9.56,0.230413,0.000534471,3.54219e-13,1
0018-2024dataASPMv2,10,2007.5,43.08,43.08,43.08,1.0249,0.0023533,3.18969e-13,1
0018-2024dataASPMv2,10,2008.5,121.07,121.07,121.07,2.84914,0.00655242,2.92304e-13,1
0018-2024dataASPMv2,10,2009.5,341.85,341.85,341.85,7.99721,0.0185125,2.62564e-13,1
0018-2024dataASPMv2,10,2010.5,150.87,150.87,150.87,3.53586,0.0082628,2.83715e-13,1
0018-2024dataASPMv2,10,2011.5,47.74,47.74,47.74,1.13289,0.00261336,3.13366e-13,1
0018-2024dataASPMv2,10,2012.5,9.53,9.53,9.53,0.23057,0.000503397,2.83559e-13,1
0018-2024dataASPMv2,10,2013.5,46.76,46.76,46.76,1.14785,0.00229916,2.1498e-13,1
0018-2024dataASPMv2,10,2014.5,7.23,7.23,7.23,0.177147,0.000329406,1.70778e-13,1
0018-2024dataASPMv2,10,2015.5,2.25,2.25,2.25,0.0541515,9.80548e-05,1.55371e-13,1
0018-2024dataASPMv2,10,2016.5,32.32,32.32,32.32,0.761697,0.00138027,1.80511e-13,1
0018-2024dataASPMv2,10,2017.5,23.33,23.33,23.33,0.5395,0.000995169,1.48366e-13,1
0018-2024dataASPMv2,10,2018.5,19.28,19.28,19.28,0.438987,0.000851415,1.54157e-13,1
0018-2024dataASPMv2,10,2019.5,15.49,15.49,15.49,0.348905,0.000737097,1.51598e-13,1
0018-2024dataASPMv2,10,2020.5,4.09,4.09,4.09,0.0919809,0.000217073,1.7845e-13,1
0018-2024dataASPMv2,10,2021.5,16.37,16.37,16.37,0.373128,0.000947932,2.24055e-13,1
0018-2024dataASPMv2,10,2022.5,4.64,4.64,4.64,0.107757,0.000277259,2.58299e-13,1
0018-2024dataASPMv2,11,1975.5,232,232,232,2.90236,0.0164816,3.1576e-13,1
0018-2024dataASPMv2,11,1976.5,433,433,433,5.43814,0.0294593,2.79218e-13,1
0018-2024dataASPMv2,11,1977.5,588,588,588,7.38351,0.0392288,2.59077e-13,1
0018-2024dataASPMv2,11,1978.5,550,550,550,6.94005,0.035892,2.5478e-13,1
0018-2024dataASPMv2,11,1979.5,774,774,774,9.81438,0.0486135,2.38628e-13,1
0018-2024dataASPMv2,11,1980.5,918,918,918,11.6507,0.0556569,2.2484e-13,1
0018-2024dataASPMv2,11,1981.5,1076,1076,1076,13.6318,0.0633206,2.08276e-13,1
0018-2024dataASPMv2,11,1982.5,774,774,774,9.77182,0.0442027,1.96981e-13,1
0018-2024dataASPMv2,11,1983.5,842,842,842,10.5804,0.0465022,1.90135e-13,1
0018-2024dataASPMv2,11,1984.5,836,836,836,10.4622,0.0447115,1.81381e-13,1
0018-2024dataASPMv2,11,1985.5,769,769,769,9.60019,0.0397772,1.70844e-13,1
0018-2024dataASPMv2,11,1986.5,565,565,565,7.04159,0.0282045,1.55677e-13,1
0018-2024dataASPMv2,11,1987.5,486,486,486,6.03622,0.0234861,1.42593e-13,1
0018-2024dataASPMv2,11,1988.5,645,645,645,7.96906,0.0304343,1.35678e-13,1
0018-2024dataASPMv2,11,1989.5,747,747,747,9.1819,0.0347922,1.42169e-13,1
0018-2024dataASPMv2,11,1990.5,512,512,512,6.26847,0.0236928,1.34099e-13,1
0018-2024dataASPMv2,11,1991.5,505,505,505,6.16609,0.0232711,1.40014e-13,1
0018-2024dataASPMv2,12,1975.5,199.98,199.98,199.98,5.98378,0.0256997,9.5051e-13,1
0018-2024dataASPMv2,12,1976.5,368.31,368.31,368.31,11.1651,0.0446464,8.24431e-13,1
0018-2024dataASPMv2,12,1977.5,606.52,606.52,606.52,18.4134,0.0702038,7.48754e-13,1
0018-2024dataASPMv2,12,1978.5,370.52,370.52,370.52,11.1405,0.0415118,7.05001e-13,1
0018-2024dataASPMv2,12,1979.5,274.48,274.48,274.48,8.17116,0.029915,6.51811e-13,1
0018-2024dataASPMv2,12,1980.5,199.27,199.27,199.27,5.89514,0.0213347,6.20826e-13,1
0018-2024dataASPMv2,12,1981.5,195.47,195.47,195.47,5.75081,0.0207487,6.1826e-13,1
0018-2024dataASPMv2,12,1982.5,195.83,195.83,195.83,5.72631,0.0207585,6.34097e-13,1
0018-2024dataASPMv2,12,1983.5,147.29,147.29,147.29,4.29443,0.0155367,6.1442e-13,1
0018-2024dataASPMv2,12,1984.5,160.43,160.43,160.43,4.68361,0.0166097,5.89073e-13,1
0018-2024dataASPMv2,12,1985.5,154.48,154.48,154.48,4.51156,0.0155249,5.56804e-13,1
0018-2024dataASPMv2,12,1986.5,171.82,171.82,171.82,5.00116,0.0168238,5.49571e-13,1
0018-2024dataASPMv2,12,1987.5,152.99,152.99,152.99,4.43545,0.0148334,5.47569e-13,1
0018-2024dataASPMv2,12,1988.5,126.36,126.36,126.36,3.66318,0.0122408,5.45885e-13,1
0018-2024dataASPMv2,12,1989.5,105.23,105.23,105.23,3.06473,0.0101535,5.57319e-13,1
0018-2024dataASPMv2,12,1990.5,105.4,105.4,105.4,3.07766,0.0101219,5.71094e-13,1
0018-2024dataASPMv2,12,1991.5,125.5,125.5,125.5,3.66669,0.0120286,5.69934e-13,1
0018-2024dataASPMv2,12,1992.5,118.7,118.7,118.7,3.47126,0.011375,6.39141e-13,1
0018-2024dataASPMv2,13,1994.5,21.68,21.68,21.68,0.519312,0.00147767,5.14968e-13,1
0018-2024dataASPMv2,13,1995.5,15.41,15.41,15.41,0.373926,0.00100314,5.2856e-13,1
0018-2024dataASPMv2,13,1996.5,18.02,18.02,18.02,0.433836,0.00112462,3.9028e-13,1
0018-2024dataASPMv2,13,1997.5,16.63,16.63,16.63,0.392102,0.00102429,3.99127e-13,1
0018-2024dataASPMv2,13,1998.5,13.12,13.12,13.12,0.303775,0.00081265,4.80839e-13,1
0018-2024dataASPMv2,13,1999.5,14.23,14.23,14.23,0.327277,0.000912175,4.60167e-13,1
0018-2024dataASPMv2,13,2000.5,15.89,15.89,15.89,0.368904,0.00106234,4.76841e-13,1
0018-2024dataASPMv2,13,2001.5,15.61,15.61,15.61,0.369539,0.00105842,4.69814e-13,1
0018-2024dataASPMv2,13,2002.5,4.69,4.69,4.69,0.113244,0.000311602,4.7506e-13,1
0018-2024dataASPMv2,13,2003.5,5.68,5.68,5.68,0.13837,0.000360943,4.61461e-13,1
0018-2024dataASPMv2,13,2004.5,0.79,0.79,0.79,0.0192435,4.80678e-05,3.73733e-13,1
0018-2024dataASPMv2,13,2005.5,42.85,42.85,42.85,1.04097,0.00250037,3.64196e-13,1
0018-2024dataASPMv2,13,2006.5,5.65,5.65,5.65,0.136175,0.000315874,3.54218e-13,1
0018-2024dataASPMv2,13,2007.5,14.63,14.63,14.63,0.348058,0.000799181,3.18969e-13,1
0018-2024dataASPMv2,13,2008.5,13.69,13.69,13.69,0.322167,0.000740916,2.92304e-13,1
0018-2024dataASPMv2,13,2009.5,1.48,1.48,1.48,0.034623,8.01479e-05,2.62564e-13,1
0018-2024dataASPMv2,13,2010.5,19.65,19.65,19.65,0.460526,0.00107618,2.83715e-13,1
0018-2024dataASPMv2,13,2011.5,11.36,11.36,11.36,0.269577,0.000621863,3.13366e-13,1
0018-2024dataASPMv2,13,2012.5,1.83,1.83,1.83,0.0442752,9.66648e-05,2.83559e-13,1
0018-2024dataASPMv2,13,2013.5,9.33,9.33,9.33,0.22903,0.00045875,2.1498e-13,1
0018-2024dataASPMv2,13,2014.5,3.31,3.31,3.31,0.0811004,0.000150807,1.70778e-13,1
0018-2024dataASPMv2,13,2015.5,11.34,11.34,11.34,0.272923,0.000494196,1.55371e-13,1
0018-2024dataASPMv2,13,2016.5,15.66,15.66,15.66,0.369065,0.000668781,1.80511e-13,1
0018-2024dataASPMv2,13,2017.5,9.8,9.8,9.8,0.226622,0.000418031,1.48366e-13,1
0018-2024dataASPMv2,13,2018.5,28.24,28.24,28.24,0.642998,0.00124709,1.54157e-13,1
0018-2024dataASPMv2,13,2019.5,3.3,3.3,3.3,0.074331,0.000157032,1.51598e-13,1
0018-2024dataASPMv2,13,2020.5,15.81,15.81,15.81,0.355555,0.000839102,1.7845e-13,1
0018-2024dataASPMv2,13,2021.5,22.97,22.97,22.97,0.523565,0.00133012,2.24055e-13,1
0018-2024dataASPMv2,13,2022.5,54.78,54.78,54.78,1.27219,0.00327333,2.58299e-13,1
0018-2024dataASPMv2,14,1974.5,1169.13,1179.71,1179.71,24.8883,0.13607,0.335676,1
0018-2024dataASPMv2,14,1975.5,721,721,721,15.6422,0.0536625,3.78485e-13,1
0018-2024dataASPMv2,14,1976.5,1002,1002,1002,21.9458,0.0708117,3.27846e-13,1
0018-2024dataASPMv2,14,1977.5,1351,1351,1351,29.8002,0.0923069,3.00151e-13,1
0018-2024dataASPMv2,14,1978.5,1097,1097,1097,24.1305,0.072731,2.87629e-13,1
0018-2024dataASPMv2,14,1979.5,1200,1200,1200,26.1832,0.0767459,2.63752e-13,1
0018-2024dataASPMv2,14,1980.5,1144,1144,1144,24.7704,0.0711547,2.47883e-13,1
0018-2024dataASPMv2,14,1981.5,1013,1013,1013,21.7638,0.061821,2.39255e-13,1
0018-2024dataASPMv2,14,1982.5,637,637,637,13.5559,0.038313,2.38438e-13,1
0018-2024dataASPMv2,14,1983.5,510,510,510,10.7687,0.0301489,2.29237e-13,1
0018-2024dataASPMv2,14,1984.5,397,397,397,8.36451,0.0229277,2.19516e-13,1
0018-2024dataASPMv2,14,1985.5,352,352,352,7.41384,0.0197243,2.07815e-13,1
0018-2024dataASPMv2,14,1986.5,416,416,416,8.73057,0.0226202,2.00491e-13,1
0018-2024dataASPMv2,14,1987.5,333,333,333,6.94091,0.0177518,1.93324e-13,1
0018-2024dataASPMv2,14,1988.5,299,299,299,6.20158,0.0157825,1.88909e-13,1
0018-2024dataASPMv2,14,1989.5,274,274,274,5.68731,0.0143867,1.98376e-13,1
0018-2024dataASPMv2,14,1990.5,257,257,257,5.34296,0.0134556,1.99058e-13,1
0018-2024dataASPMv2,14,1991.5,333,333,333,6.92583,0.017416,2.03632e-13,1
0018-2024dataASPMv2,14,1992.5,344,344,344,7.16023,0.0180061,2.41597e-13,1
0018-2024dataASPMv2,14,1993.5,431,431,431,9.04148,0.0226626,2.80618e-13,1
0018-2024dataASPMv2,15,1994.5,0.62769,0.62769,6.23875,0.62769,0.00209238,4.64286e-10,1
0018-2024dataASPMv2,15,1995.5,0.73842,0.73842,7.58056,0.73842,0.00252529,4.88665e-10,1
0018-2024dataASPMv2,15,1996.5,0.82273,0.82273,8.55549,0.82273,0.00304673,5.71052e-10,1
0018-2024dataASPMv2,15,1997.5,0.88254,0.88254,9.12794,0.88254,0.0034762,6.46541e-10,1
0018-2024dataASPMv2,15,1998.5,0.9028,0.9028,9.2234,0.9028,0.00361119,6.68005e-10,1
0018-2024dataASPMv2,15,1999.5,1.00674,1.00674,10.135,1.00674,0.00392401,6.32922e-10,1
0018-2024dataASPMv2,15,2000.5,1.22005,1.22005,12.1069,1.22005,0.00442247,5.48153e-10,1
0018-2024dataASPMv2,15,2001.5,1.15869,1.15869,11.4886,1.15869,0.0038941,4.70997e-10,1
0018-2024dataASPMv2,15,2002.5,0.97689,0.97689,9.7945,0.97689,0.0031536,4.35094e-10,1
0018-2024dataASPMv2,15,2003.5,0.97256,0.97256,9.75721,0.97256,0.0030195,4.02486e-10,1
0018-2024dataASPMv2,15,2004.5,1.15055,1.15055,11.5688,1.15055,0.00347819,3.81181e-10,1
0018-2024dataASPMv2,15,2005.5,1.24524,1.24524,12.6468,1.24524,0.00377327,3.8315e-10,1
0018-2024dataASPMv2,15,2006.5,1.30597,1.30597,13.3816,1.30597,0.00407109,4.05553e-10,1
0018-2024dataASPMv2,15,2007.5,1.55722,1.55722,15.9174,1.55722,0.00497053,4.24615e-10,1
0018-2024dataASPMv2,15,2008.5,1.24285,1.24285,12.6144,1.24285,0.00394908,4.20655e-10,1
0018-2024dataASPMv2,15,2009.5,1.58362,1.58362,16.0045,1.58362,0.00496381,4.08943e-10,1
0018-2024dataASPMv2,15,2010.5,1.53518,1.53518,15.3678,1.53518,0.00461561,3.76608e-10,1
0018-2024dataASPMv2,15,2011.5,0.86265,0.86265,8.50374,0.86265,0.00233571,3.05634e-10,1
0018-2024dataASPMv2,15,2012.5,1.10151,1.10151,10.8505,1.10151,0.00266086,2.43628e-10,1
0018-2024dataASPMv2,15,2013.5,0.88173,0.88173,8.83169,0.88173,0.00201461,2.17747e-10,1
0018-2024dataASPMv2,15,2014.5,1.27427,1.27427,13.0434,1.27427,0.00300422,2.31657e-10,1
0018-2024dataASPMv2,15,2015.5,1.24152,1.24152,12.7944,1.24152,0.00313198,2.65055e-10,1
0018-2024dataASPMv2,15,2016.5,1.5087,1.5087,15.5418,1.5087,0.00401304,2.949e-10,1
0018-2024dataASPMv2,15,2017.5,1.0742,1.0742,11.0605,1.0742,0.00301302,3.27844e-10,1
0018-2024dataASPMv2,15,2018.5,1.21738,1.21738,12.4123,1.21738,0.00355712,3.55787e-10,1
0018-2024dataASPMv2,15,2019.5,1.08707,1.08707,10.9137,1.08707,0.0032693,3.76532e-10,1
0018-2024dataASPMv2,15,2020.5,0.72443,0.72443,7.16609,0.72443,0.00221331,3.88839e-10,1
0018-2024dataASPMv2,15,2021.5,0.58591,0.58591,5.8275,0.58591,0.00183346,4.08868e-10,1
0018-2024dataASPMv2,15,2022.5,0.78428,0.78428,7.7536,0.78428,0.00238507,3.86401e-10,1
0018-2024dataASPMv2,16,1981.5,0.05542,0.05542,2.57953,0.05542,0.000157423,3.37041e-10,1
0018-2024dataASPMv2,16,1982.5,0.60119,0.60119,28.2503,0.60119,0.00169914,3.34039e-10,1
0018-2024dataASPMv2,16,1983.5,0.93454,0.93454,44.2593,0.93454,0.0026164,3.27538e-10,1
0018-2024dataASPMv2,16,1984.5,1.32949,1.32949,63.1008,1.32949,0.00364422,3.13929e-10,1
0018-2024dataASPMv2,16,1985.5,1.18281,1.18281,56.1584,1.18281,0.00314683,2.95779e-10,1
0018-2024dataASPMv2,16,1986.5,1.36541,1.36541,65.0599,1.36541,0.00353766,2.80913e-10,1
0018-2024dataASPMv2,16,1987.5,1.12188,1.12188,53.8237,1.12188,0.00286927,2.73883e-10,1
0018-2024dataASPMv2,16,1988.5,1.76836,1.76836,85.2588,1.76836,0.00450031,2.71175e-10,1
0018-2024dataASPMv2,16,1989.5,1.40424,1.40424,67.6527,1.40424,0.00355217,2.68257e-10,1
0018-2024dataASPMv2,16,1990.5,0.78658,0.78658,37.835,0.78658,0.00198091,2.66201e-10,1
0018-2024dataASPMv2,16,1991.5,0.85382,0.85382,41.0524,0.85382,0.00214706,2.65462e-10,1
0018-2024dataASPMv2,16,1992.5,0.47686,0.47686,22.9099,0.47686,0.00119918,2.66849e-10,1
0018-2024dataASPMv2,17,2014.5,14.5606,14.5606,557.826,14.5606,0.0196631,7.75637e-11,1
0018-2024dataASPMv2,17,2015.5,14.1864,14.1864,556.683,14.1864,0.018891,7.53506e-11,1
0018-2024dataASPMv2,17,2016.5,17.2394,17.2394,694.005,17.2394,0.0231162,7.70005e-11,1
0018-2024dataASPMv2,18,1994.5,6.03,6.03,6.03,0.14444,0.000410995,5.14968e-13,1
0018-2024dataASPMv2,18,1995.5,5.73,5.73,5.73,0.139039,0.000373002,5.2856e-13,1
0018-2024dataASPMv2,18,1996.5,34.89,34.89,34.89,0.839986,0.00217747,3.9028e-13,1
0018-2024dataASPMv2,18,1997.5,18.02,18.02,18.02,0.424876,0.00110991,3.99127e-13,1
0018-2024dataASPMv2,18,1998.5,1.84,1.84,1.84,0.0426026,0.000113969,4.80839e-13,1
0018-2024dataASPMv2,18,1999.5,19.16,19.16,19.16,0.440662,0.0012282,4.60167e-13,1
0018-2024dataASPMv2,18,2000.5,9.13,9.13,9.13,0.211963,0.000610393,4.76841e-13,1
0018-2024dataASPMv2,18,2001.5,18.4,18.4,18.4,0.435588,0.00124759,4.69814e-13,1
0018-2024dataASPMv2,18,2002.5,10.54,10.54,10.54,0.254498,0.000700273,4.7506e-13,1
0018-2024dataASPMv2,18,2003.5,1.69,1.69,1.69,0.0411699,0.000107393,4.61461e-13,1
0018-2024dataASPMv2,18,2004.5,2.3,2.3,2.3,0.0560254,0.000139944,3.73733e-13,1
0018-2024dataASPMv2,18,2005.5,5.37,5.37,5.37,0.130455,0.000313349,3.64196e-13,1
0018-2024dataASPMv2,18,2006.5,0.84,0.84,0.84,0.0202455,4.69618e-05,3.54219e-13,1
0018-2024dataASPMv2,18,2007.5,3.77,3.77,3.77,0.0896909,0.000205941,3.18969e-13,1
0018-2024dataASPMv2,18,2008.5,10.6,10.6,10.6,0.24945,0.000573682,2.92304e-13,1
0018-2024dataASPMv2,18,2009.5,29.92,29.92,29.92,0.699946,0.00162029,2.62564e-13,1
0018-2024dataASPMv2,18,2010.5,13.2,13.2,13.2,0.309361,0.000722933,2.83715e-13,1
0018-2024dataASPMv2,18,2011.5,4.18,4.18,4.18,0.0991931,0.000228819,3.13366e-13,1
0018-2024dataASPMv2,18,2012.5,0.83,0.83,0.83,0.0200811,4.38425e-05,2.83559e-13,1
0018-2024dataASPMv2,18,2013.5,4.09,4.09,4.09,0.1004,0.000201103,2.1498e-13,1
0018-2024dataASPMv2,18,2014.5,0.63,0.63,0.63,0.015436,2.87034e-05,1.70778e-13,1
0018-2024dataASPMv2,18,2015.5,0.2,0.2,0.2,0.00481346,8.71599e-06,1.55371e-13,1
0018-2024dataASPMv2,18,2016.5,2.83,2.83,2.83,0.0666956,0.000120859,1.80511e-13,1
0018-2024dataASPMv2,18,2017.5,2.04,2.04,2.04,0.0471744,8.70186e-05,1.48366e-13,1
0018-2024dataASPMv2,18,2018.5,1.69,1.69,1.69,0.0384797,7.46313e-05,1.54157e-13,1
0018-2024dataASPMv2,18,2019.5,1.36,1.36,1.36,0.0306334,6.47161e-05,1.51598e-13,1
0018-2024dataASPMv2,18,2020.5,0.36,0.36,0.36,0.00809612,1.91067e-05,1.7845e-13,1
0018-2024dataASPMv2,18,2021.5,1.43,1.43,1.43,0.0325946,8.28065e-05,2.24055e-13,1
0018-2024dataASPMv2,18,2022.5,0.41,0.41,0.41,0.00952167,2.44992e-05,2.58299e-13,1
0018-2024dataASPMv2,19,1975.5,0.133,0.133,6.8797,0.133,0.000509149,6.12399e-10,1
0018-2024dataASPMv2,19,1976.5,0.008,0.008,0.410802,0.008,2.89368e-05,5.46214e-10,1
0018-2024dataASPMv2,19,1977.5,0.044,0.044,2.24475,0.044,0.000153568,5.08368e-10,1
0018-2024dataASPMv2,19,1978.5,0.047,0.047,2.39823,0.047,0.000159226,4.79126e-10,1
0018-2024dataASPMv2,19,1979.5,0.009,0.009,0.461939,0.009,2.95303e-05,4.49186e-10,1
0018-2024dataASPMv2,19,1980.5,0.03,0.03,1.55015,0.03,9.61515e-05,4.28473e-10,1
0018-2024dataASPMv2,19,1981.5,0.027,0.027,1.4054,0.027,8.52934e-05,4.16361e-10,1
0018-2024dataASPMv2,19,1982.5,0.003,0.003,0.157593,0.003,9.39005e-06,4.0909e-10,1
0018-2024dataASPMv2,19,1983.5,0.003,0.003,0.158881,0.003,9.27044e-06,3.98571e-10,1
0018-2024dataASPMv2,19,1985.5,0.076,0.076,4.04129,0.076,0.000223071,3.59622e-10,1
0018-2024dataASPMv2,19,1986.5,0.091,0.091,4.85502,0.091,0.000259688,3.40276e-10,1
0018-2024dataASPMv2,19,1987.5,0.037,0.037,1.98738,0.037,0.000103903,3.29608e-10,1
0018-2024dataASPMv2,19,1988.5,0.007,0.007,0.378167,0.007,1.95205e-05,3.25021e-10,1
0018-2024dataASPMv2,19,1989.5,0.036,0.036,1.94668,0.036,9.98616e-05,3.22012e-10,1
0018-2024dataASPMv2,19,1990.5,0.143,0.143,7.72958,0.143,0.000395337,3.20068e-10,1
0018-2024dataASPMv2,19,1991.5,0.153,0.153,8.27104,0.153,0.00042242,3.19339e-10,1
0018-2024dataASPMv2,19,1992.5,0.05,0.05,2.70143,0.05,0.00013806,3.20874e-10,1
0018-2024dataASPMv2,19,1993.5,0.04,0.04,2.14665,0.04,0.000110408,3.21739e-10,1
0018-2024dataASPMv2,19,1994.5,0.008,0.008,0.422649,0.008,2.1498e-05,3.07802e-10,1
0018-2024dataASPMv2,19,1995.5,0.819,0.819,42.5817,0.819,0.00210446,2.82756e-10,1
0018-2024dataASPMv2,19,1996.5,0.354,0.354,18.3962,0.354,0.00087834,2.61339e-10,1
0018-2024dataASPMv2,19,1997.5,0.32,0.32,16.884,0.32,0.000787991,2.57872e-10,1
0018-2024dataASPMv2,19,1998.5,0.371,0.371,19.9346,0.371,0.000919788,2.63214e-10,1
0018-2024dataASPMv2,19,1999.5,0.776,0.776,42.2281,0.776,0.00198409,2.78673e-10,1
0018-2024dataASPMv2,19,2000.5,0.717,0.717,38.9935,0.717,0.00189964,2.9872e-10,1
0018-2024dataASPMv2,19,2001.5,0.754,0.754,40.4709,0.754,0.00201418,3.03197e-10,1
0018-2024dataASPMv2,19,2002.5,1.018,1.018,53.5856,1.018,0.00265933,2.90546e-10,1
0018-2024dataASPMv2,19,2003.5,0.66,0.66,34.2319,0.66,0.00165262,2.67558e-10,1
0018-2024dataASPMv2,19,2004.5,1.093,1.093,56.3813,1.093,0.00262688,2.45305e-10,1
0018-2024dataASPMv2,19,2005.5,0.602,0.602,31.0376,0.602,0.00139048,2.27062e-10,1
0018-2024dataASPMv2,19,2006.5,1.181,1.181,61.1654,1.181,0.00262288,2.10389e-10,1
0018-2024dataASPMv2,19,2007.5,0.637,0.637,33.354,0.637,0.00138646,2.0159e-10,1
0018-2024dataASPMv2,19,2008.5,0.314,0.314,16.6391,0.314,0.000677401,1.97537e-10,1
0018-2024dataASPMv2,19,2009.5,0.321,0.321,17.1759,0.321,0.000691811,1.9637e-10,1
0018-2024dataASPMv2,19,2010.5,0.192,0.192,10.308,0.192,0.000417138,1.99965e-10,1
0018-2024dataASPMv2,19,2011.5,0.405,0.405,21.5633,0.405,0.000875533,1.98729e-10,1
0018-2024dataASPMv2,19,2012.5,0.256,0.256,13.3861,0.256,0.000531862,1.83372e-10,1
0018-2024dataASPMv2,19,2013.5,1.007,1.007,51.7533,1.007,0.00194706,1.5806e-10,1
0018-2024dataASPMv2,19,2014.5,1.348,1.348,68.9491,1.348,0.00242783,1.36778e-10,1
0018-2024dataASPMv2,19,2015.5,0.511,0.511,26.4455,0.511,0.000886284,1.26806e-10,1
0018-2024dataASPMv2,19,2016.5,0.526,0.526,27.7394,0.526,0.000897522,1.23548e-10,1
0018-2024dataASPMv2,19,2017.5,0.141,0.141,7.58944,0.141,0.000240663,1.22788e-10,1
0018-2024dataASPMv2,19,2018.5,0.59,0.59,32.4066,0.59,0.00104148,1.312e-10,1
0018-2024dataASPMv2,19,2019.5,1.032,1.032,57.7529,1.032,0.00195567,1.50409e-10,1
0018-2024dataASPMv2,19,2020.5,1.908,1.908,108.215,1.908,0.00400508,1.84256e-10,1
0018-2024dataASPMv2,19,2021.5,1.379,1.379,78.0479,1.379,0.00313729,2.16828e-10,1
0018-2024dataASPMv2,19,2022.5,1.112,1.112,61.9625,1.112,0.00260442,2.3037e-10,1
0018-2024dataASPMv2,20,1975.5,0.149,0.149,5.00045,0.149,0.000584197,6.41875e-10,1
0018-2024dataASPMv2,20,1976.5,0.008,0.008,0.262534,0.008,2.86796e-05,5.36322e-10,1
0018-2024dataASPMv2,20,1977.5,0.049,0.049,1.60826,0.049,0.000168616,4.94181e-10,1
0018-2024dataASPMv2,20,1978.5,0.052,0.052,1.72289,0.052,0.000176065,4.78376e-10,1
0018-2024dataASPMv2,20,1979.5,0.011,0.011,0.368366,0.011,3.66936e-05,4.638e-10,1
0018-2024dataASPMv2,20,1980.5,0.034,0.034,1.14731,0.034,0.000112159,4.53309e-10,1
0018-2024dataASPMv2,20,1981.5,0.031,0.031,1.05409,0.031,0.000102005,4.5144e-10,1
0018-2024dataASPMv2,20,1982.5,0.004,0.004,0.137232,0.004,1.32298e-05,4.56754e-10,1
0018-2024dataASPMv2,20,1983.5,0.004,0.004,0.137969,0.004,1.31828e-05,4.52978e-10,1
0018-2024dataASPMv2,20,1984.5,0.001,0.001,0.0344774,0.001,3.22312e-06,4.33111e-10,1
0018-2024dataASPMv2,20,1985.5,0.086,0.086,2.96563,0.086,0.00026896,4.07819e-10,1
0018-2024dataASPMv2,20,1986.5,0.103,0.103,3.56811,0.103,0.000315272,3.91407e-10,1
0018-2024dataASPMv2,20,1987.5,0.042,0.042,1.46394,0.042,0.000127778,3.87068e-10,1
0018-2024dataASPMv2,20,1988.5,0.008,0.008,0.279379,0.008,2.42594e-05,3.84618e-10,1
0018-2024dataASPMv2,20,1989.5,0.04,0.04,1.39086,0.04,0.000119868,3.75775e-10,1
0018-2024dataASPMv2,20,1990.5,0.161,0.161,5.58532,0.161,0.00047866,3.70591e-10,1
0018-2024dataASPMv2,20,1991.5,0.172,0.172,5.96622,0.172,0.000510316,3.6891e-10,1
0018-2024dataASPMv2,20,1992.5,0.056,0.056,1.94122,0.056,0.000166049,3.70049e-10,1
0018-2024dataASPMv2,20,1993.5,0.044,0.044,1.51011,0.044,0.000128698,3.60649e-10,1
0018-2024dataASPMv2,20,1994.5,0.009,0.009,0.30246,0.009,2.48322e-05,3.23866e-10,1
0018-2024dataASPMv2,20,1995.5,0.92,0.92,30.5193,0.92,0.00236823,2.82976e-10,1
0018-2024dataASPMv2,20,1996.5,0.398,0.398,13.4338,0.398,0.00101194,2.74229e-10,1
0018-2024dataASPMv2,20,1997.5,0.359,0.359,12.4373,0.359,0.000944017,2.93555e-10,1
0018-2024dataASPMv2,20,1998.5,0.417,0.417,14.7083,0.417,0.00113816,3.1794e-10,1
0018-2024dataASPMv2,20,1999.5,0.871,0.871,30.792,0.871,0.00246786,3.41043e-10,1
0018-2024dataASPMv2,20,2000.5,0.804,0.804,27.9863,0.804,0.00231045,3.50778e-10,1
0018-2024dataASPMv2,20,2001.5,0.847,0.847,28.7619,0.847,0.00236327,3.30492e-10,1
0018-2024dataASPMv2,20,2002.5,1.144,1.144,38.0682,1.144,0.00301725,2.96174e-10,1
0018-2024dataASPMv2,20,2003.5,0.742,0.742,24.5781,0.742,0.00185881,2.67847e-10,1
0018-2024dataASPMv2,20,2004.5,1.227,1.227,40.6827,1.227,0.00295567,2.46575e-10,1
0018-2024dataASPMv2,20,2005.5,1.186,1.186,39.4328,1.186,0.00275606,2.29864e-10,1
0018-2024dataASPMv2,20,2006.5,0.851,0.851,28.6074,0.851,0.0019315,2.19597e-10,1
0018-2024dataASPMv2,20,2007.5,0.679,0.679,23.1913,0.679,0.00154842,2.21076e-10,1
0018-2024dataASPMv2,20,2008.5,0.508,0.508,17.5358,0.508,0.00116912,2.24648e-10,1
0018-2024dataASPMv2,20,2009.5,0.665,0.665,23.0386,0.665,0.00153963,2.26557e-10,1
0018-2024dataASPMv2,20,2010.5,0.492,0.492,16.9767,0.492,0.00114243,2.28344e-10,1
0018-2024dataASPMv2,20,2011.5,1.167,1.167,39.6602,1.167,0.00263847,2.16944e-10,1
0018-2024dataASPMv2,20,2012.5,0.708,0.708,23.5063,0.708,0.001485,1.86958e-10,1
0018-2024dataASPMv2,20,2013.5,1.167,1.167,38.1724,1.167,0.00221987,1.53307e-10,1
0018-2024dataASPMv2,20,2014.5,1.332,1.332,43.8716,1.332,0.00237559,1.34444e-10,1
0018-2024dataASPMv2,20,2015.5,1.809,1.809,61.0469,1.809,0.00322161,1.33932e-10,1
0018-2024dataASPMv2,20,2016.5,1.606,1.606,55.4887,1.606,0.00292115,1.40475e-10,1
0018-2024dataASPMv2,20,2017.5,0.524,0.524,18.47,0.524,0.000983992,1.48766e-10,1
0018-2024dataASPMv2,20,2018.5,0.96,0.96,34.3768,0.96,0.00191203,1.67147e-10,1
0018-2024dataASPMv2,20,2019.5,1.239,1.239,44.7463,1.239,0.00268853,1.97489e-10,1
0018-2024dataASPMv2,20,2020.5,1.834,1.834,65.951,1.834,0.00438836,2.3993e-10,1
0018-2024dataASPMv2,20,2021.5,1.079,1.079,38.0418,1.079,0.00271312,2.65661e-10,1
0018-2024dataASPMv2,20,2022.5,1.449,1.449,50.2443,1.449,0.00364879,2.67124e-10,1
0018-2024dataASPMv2,21,1989.5,5.635,5.635,240.06,5.635,0.0192859,4.89586e-10,1
0018-2024dataASPMv2,21,1990.5,5.983,5.983,254.309,5.983,0.0203303,4.83243e-10,1
0018-2024dataASPMv2,21,1991.5,7.225,7.225,306.997,7.225,0.02449,4.80839e-10,1
0018-2024dataASPMv2,21,1992.5,7.774,7.774,330.292,7.774,0.0263565,4.82981e-10,1
0018-2024dataASPMv2,21,1993.5,5.802,5.802,245.081,5.802,0.0195852,4.79667e-10,1
0018-2024dataASPMv2,21,1994.5,4.63,4.63,192.594,4.63,0.0150009,4.45522e-10,1
0018-2024dataASPMv2,21,1995.5,3.67,3.67,150.037,3.67,0.0111163,3.90915e-10,1
0018-2024dataASPMv2,21,1996.5,12.511,12.511,512.863,12.511,0.0364864,3.60176e-10,1
0018-2024dataASPMv2,21,1997.5,6.816,6.816,285.087,6.816,0.0201798,3.71535e-10,1
0018-2024dataASPMv2,21,1998.5,5.984,5.984,255.208,5.984,0.0182733,3.97306e-10,1
0018-2024dataASPMv2,21,1999.5,11.434,11.434,492.483,11.434,0.0365025,4.3242e-10,1
0018-2024dataASPMv2,21,2000.5,7.523,7.523,322.295,7.523,0.0247938,4.60457e-10,1
0018-2024dataASPMv2,21,2001.5,8.728,8.728,367.659,8.728,0.0285052,4.51813e-10,1
0018-2024dataASPMv2,21,2002.5,9.893,9.893,408.208,9.893,0.0308365,4.12541e-10,1
0018-2024dataASPMv2,21,2003.5,12.501,12.501,510.272,12.501,0.0368416,3.69695e-10,1
0018-2024dataASPMv2,21,2004.5,12.984,12.984,529.416,12.984,0.0367248,3.39105e-10,1
0018-2024dataASPMv2,21,2005.5,7.791,7.791,317.798,7.791,0.0211817,3.13838e-10,1
0018-2024dataASPMv2,21,2006.5,7.94,7.94,325.55,7.94,0.0208308,2.92729e-10,1
0018-2024dataASPMv2,21,2007.5,8.792,8.792,364.914,8.792,0.0229018,2.87916e-10,1
0018-2024dataASPMv2,21,2008.5,5.977,5.977,251.049,5.977,0.0156565,2.90484e-10,1
0018-2024dataASPMv2,21,2009.5,5.883,5.883,248.961,5.883,0.0155405,2.94413e-10,1
0018-2024dataASPMv2,21,2010.5,8.267,8.267,350.007,8.267,0.0220395,3.00397e-10,1
0018-2024dataASPMv2,21,2011.5,6.982,6.982,292.903,6.982,0.018374,2.93371e-10,1
0018-2024dataASPMv2,21,2012.5,6.438,6.438,265.37,6.438,0.0160118,2.62143e-10,1
0018-2024dataASPMv2,21,2013.5,5.178,5.178,209.844,5.178,0.0117471,2.17416e-10,1
0018-2024dataASPMv2,21,2014.5,4.583,4.583,185.165,4.583,0.00960633,1.85163e-10,1
0018-2024dataASPMv2,21,2015.5,7.645,7.645,313.448,7.645,0.0156388,1.76269e-10,1
0018-2024dataASPMv2,21,2016.5,5.258,5.258,220.017,5.258,0.0108262,1.79565e-10,1
0018-2024dataASPMv2,21,2017.5,5.532,5.532,235.982,5.532,0.0116392,1.8633e-10,1
0018-2024dataASPMv2,21,2018.5,4.298,4.298,186.63,4.298,0.00953698,2.07005e-10,1
0018-2024dataASPMv2,21,2019.5,5.129,5.129,226.173,5.129,0.0124363,2.46068e-10,1
0018-2024dataASPMv2,21,2020.5,3.907,3.907,173.613,3.907,0.0105926,3.07287e-10,1
0018-2024dataASPMv2,21,2021.5,3.396,3.396,149.399,3.396,0.00985881,3.52979e-10,1
0018-2024dataASPMv2,21,2022.5,2.997,2.997,129.486,2.997,0.0087588,3.58611e-10,1
0018-2024dataASPMv2,22,1987.5,57.42,57.42,57.42,1.66471,0.00556724,5.47569e-13,1
0018-2024dataASPMv2,22,1988.5,102.9,102.9,102.9,2.98307,0.00996817,5.45885e-13,1
0018-2024dataASPMv2,22,1989.5,118.14,118.14,118.14,3.44073,0.0113992,5.57319e-13,1
0018-2024dataASPMv2,22,1990.5,290.28,290.28,290.28,8.47613,0.0278766,5.71094e-13,1
0018-2024dataASPMv2,22,1991.5,125.39,125.39,125.39,3.66348,0.012018,5.69934e-13,1
0018-2024dataASPMv2,22,1992.5,343.14,343.14,343.14,10.0348,0.032883,6.39141e-13,1
0018-2024dataASPMv2,23,1981.5,1.04,1.04,1.04,0.0223439,6.34687e-05,2.39255e-13,1
0018-2024dataASPMv2,23,1982.5,1.41,1.41,1.41,0.030006,8.48059e-05,2.38438e-13,1
0018-2024dataASPMv2,23,1983.5,2.22,2.22,2.22,0.0468756,0.000131236,2.29237e-13,1
0018-2024dataASPMv2,23,1984.5,4.88,4.88,4.88,0.102818,0.000281832,2.19516e-13,1
0018-2024dataASPMv2,23,1985.5,3.11,3.11,3.11,0.065503,0.000174269,2.07815e-13,1
0018-2024dataASPMv2,23,1986.5,2.08,2.08,2.08,0.0436529,0.000113101,2.00491e-13,1
0018-2024dataASPMv2,23,1987.5,2.54,2.54,2.54,0.0529427,0.000135404,1.93324e-13,1
0018-2024dataASPMv2,23,1988.5,1.73,1.73,1.73,0.0358821,9.13165e-05,1.88908e-13,1
0018-2024dataASPMv2,23,1989.5,5.04,5.04,5.04,0.104613,0.00026463,1.98376e-13,1
0018-2024dataASPMv2,23,1990.5,2.78,2.78,2.78,0.0577955,0.000145551,1.99058e-13,1
0018-2024dataASPMv2,23,1991.5,1.59,1.59,1.59,0.0330693,8.31577e-05,2.03631e-13,1
0018-2024dataASPMv2,23,1992.5,0.64,0.64,0.64,0.0133214,3.34997e-05,2.41597e-13,1
0018-2024dataASPMv2,24,1976.5,66,66,66,2.31006,0.00697819,6.37308e-13,1
0018-2024dataASPMv2,24,1977.5,64,64,64,2.22462,0.00650209,5.8574e-13,1
0018-2024dataASPMv2,24,1978.5,92,92,92,3.159,0.00911069,5.58603e-13,1
0018-2024dataASPMv2,24,1979.5,43,43,43,1.45886,0.00415574,5.18871e-13,1
0018-2024dataASPMv2,24,1980.5,51,51,51,1.71602,0.00484515,4.94775e-13,1
0018-2024dataASPMv2,24,1981.5,38,38,38,1.26893,0.00358024,4.94865e-13,1
0018-2024dataASPMv2,24,1982.5,61,61,61,2.02234,0.00573629,5.09397e-13,1
0018-2024dataASPMv2,24,1983.5,58,58,58,1.91828,0.00541386,4.90097e-13,1
0018-2024dataASPMv2,24,1984.5,40,40,40,1.3245,0.00365666,4.67604e-13,1
0018-2024dataASPMv2,24,1985.5,35,35,35,1.15785,0.00310612,4.42158e-13,1
0018-2024dataASPMv2,24,1986.5,57,57,57,1.8766,0.0049332,4.3897e-13,1
0018-2024dataASPMv2,24,1987.5,177,177,177,5.80384,0.0151528,4.37775e-13,1
0018-2024dataASPMv2,24,1988.5,231,231,231,7.58254,0.019696,4.34524e-13,1
0018-2024dataASPMv2,24,1989.5,114,114,114,3.76269,0.00965176,4.39668e-13,1
0018-2024dataASPMv2,24,1990.5,257,257,257,8.4947,0.0216492,4.51826e-13,1
0018-2024dataASPMv2,24,1991.5,198,198,198,6.54736,0.0166493,4.50022e-13,1
0018-2024dataASPMv2,24,1992.5,350,350,350,11.6068,0.0294101,5.0715e-13,1
0018-2024dataASPMv2,24,1993.5,354,354,354,11.9507,0.029515,5.32017e-13,1
0018-2024dataASPMv2,24,1994.5,274,274,274,9.44218,0.0219163,6.11884e-13,1
0018-2024dataASPMv2,24,1995.5,276,276,276,9.4927,0.0208734,6.02046e-13,1
0018-2024dataASPMv2,24,1996.5,337,337,337,11.2816,0.0247844,4.79392e-13,1
0018-2024dataASPMv2,24,1997.5,328,328,328,10.6957,0.0243722,5.04916e-13,1
0018-2024dataASPMv2,24,1998.5,332,332,332,10.6911,0.0252273,6.06408e-13,1
0018-2024dataASPMv2,24,1999.5,353,353,353,11.4469,0.0278282,5.87581e-13,1
0018-2024dataASPMv2,24,2000.5,431,431,431,14.3411,0.0349325,6.0678e-13,1
0018-2024dataASPMv2,24,2001.5,422,422,422,14.4395,0.033914,5.8132e-13,1
0018-2024dataASPMv2,24,2002.5,392,392,392,13.6108,0.0302878,5.69567e-13,1
0018-2024dataASPMv2,24,2003.5,348,348,348,12.0926,0.0255694,5.44663e-13,1
0018-2024dataASPMv2,24,2004.5,530,530,530,18.3482,0.0373548,4.51085e-13,1
0018-2024dataASPMv2,24,2005.5,388,388,388,13.3272,0.0263341,4.37756e-13,1
0018-2024dataASPMv2,24,2006.5,380,380,380,12.8426,0.0249702,4.2822e-13,1
0018-2024dataASPMv2,24,2007.5,344,344,344,11.4416,0.0224055,3.97136e-13,1
0018-2024dataASPMv2,24,2008.5,400,400,400,13.2115,0.0260684,3.7511e-13,1
0018-2024dataASPMv2,24,2009.5,438,438,438,14.4703,0.0286695,3.45233e-13,1
0018-2024dataASPMv2,24,2010.5,550,550,550,18.3551,0.0362481,3.67515e-13,1
0018-2024dataASPMv2,24,2011.5,520,520,520,17.7681,0.033734,3.81242e-13,1
0018-2024dataASPMv2,24,2012.5,488,488,488,17.092,0.0299068,3.41867e-13,1
0018-2024dataASPMv2,24,2013.5,478,478,478,16.8438,0.0269174,2.62712e-13,1
0018-2024dataASPMv2,24,2014.5,925,925,925,31.9733,0.0486004,2.14444e-13,1
0018-2024dataASPMv2,24,2015.5,1253,1253,1253,42.0377,0.0643891,2.02386e-13,1
0018-2024dataASPMv2,24,2016.5,401,401,401,13.1362,0.0206449,2.36273e-13,1
0018-2024dataASPMv2,24,2017.5,672,672,672,21.6069,0.0351949,2.07265e-13,1
0018-2024dataASPMv2,24,2018.5,780,780,780,24.8349,0.0428518,2.213e-13,1
0018-2024dataASPMv2,24,2019.5,1256,1256,1256,40.0643,0.074834,2.27562e-13,1
0018-2024dataASPMv2,24,2020.5,1361,1361,1361,44.1616,0.0900238,2.70585e-13,1
0018-2024dataASPMv2,24,2021.5,457.2,457.2,457.2,15.1743,0.0324245,3.30293e-13,1
0018-2024dataASPMv2,24,2022.5,299.5,299.5,299.5,10.1226,0.0215255,3.63741e-13,1
0018-2024dataASPMv2,25,1976.5,7,7,7,0.187176,0.000682708,5.68029e-13,1
0018-2024dataASPMv2,25,1977.5,8,8,8,0.21463,0.000751149,5.20529e-13,1
0018-2024dataASPMv2,25,1978.5,11,11,11,0.292916,0.000998417,4.91551e-13,1
0018-2024dataASPMv2,25,1979.5,21,21,21,0.553337,0.00184297,4.50525e-13,1
0018-2024dataASPMv2,25,1980.5,14,14,14,0.366085,0.00120078,4.25661e-13,1
0018-2024dataASPMv2,25,1981.5,19,19,19,0.493452,0.00160829,4.1828e-13,1
0018-2024dataASPMv2,25,1982.5,15,15,15,0.386624,0.00126069,4.23697e-13,1
0018-2024dataASPMv2,25,1983.5,10,10,10,0.25655,0.00083225,4.08878e-13,1
0018-2024dataASPMv2,25,1984.5,10,10,10,0.256593,0.000816079,3.92296e-13,1
0018-2024dataASPMv2,25,1985.5,7,7,7,0.179656,0.000554838,3.71518e-13,1
0018-2024dataASPMv2,25,1986.5,29,29,29,0.741681,0.00223551,3.63658e-13,1
0018-2024dataASPMv2,25,1987.5,19,19,19,0.483481,0.00144405,3.5756e-13,1
0018-2024dataASPMv2,25,1988.5,16,16,16,0.406492,0.0012113,3.53827e-13,1
0018-2024dataASPMv2,25,1989.5,20,20,20,0.509988,0.0015097,3.66339e-13,1
0018-2024dataASPMv2,25,1990.5,30,30,30,0.766974,0.00225872,3.73733e-13,1
0018-2024dataASPMv2,25,1991.5,30,30,30,0.767664,0.00225634,3.76856e-13,1
0018-2024dataASPMv2,25,1992.5,26,26,26,0.666215,0.00195599,4.32137e-13,1
0018-2024dataASPMv2,25,1993.5,89,89,89,2.3041,0.00669733,4.72085e-13,1
0018-2024dataASPMv2,25,1994.5,61,61,61,1.6062,0.00446144,5.672e-13,1
0018-2024dataASPMv2,25,1995.5,58,58,58,1.54077,0.00403263,5.73327e-13,1
0018-2024dataASPMv2,25,1996.5,76,76,76,1.99171,0.00506457,4.31013e-13,1
0018-2024dataASPMv2,25,1997.5,73,73,73,1.86988,0.00481989,4.4221e-13,1
0018-2024dataASPMv2,25,1998.5,56,56,56,1.41086,0.00373829,5.3246e-13,1
0018-2024dataASPMv2,25,1999.5,85,85,85,2.13662,0.00589775,5.14468e-13,1
0018-2024dataASPMv2,25,2000.5,108,108,108,2.7549,0.00781851,5.36346e-13,1
0018-2024dataASPMv2,25,2001.5,70,70,70,1.82596,0.00512004,5.2706e-13,1
0018-2024dataASPMv2,25,2002.5,96,96,96,2.55043,0.00683991,5.27689e-13,1
0018-2024dataASPMv2,25,2003.5,124,124,124,3.31247,0.00841059,5.08254e-13,1
0018-2024dataASPMv2,25,2004.5,334,334,334,8.90206,0.0216474,4.12696e-13,1
0018-2024dataASPMv2,25,2005.5,220,220,220,5.83731,0.0136719,4.00663e-13,1
0018-2024dataASPMv2,25,2006.5,260,260,260,6.82852,0.015502,3.89165e-13,1
0018-2024dataASPMv2,25,2007.5,345,345,345,8.93694,0.0201615,3.53071e-13,1
0018-2024dataASPMv2,25,2008.5,209,209,209,5.36234,0.012144,3.26648e-13,1
0018-2024dataASPMv2,25,2009.5,214,214,214,5.47105,0.0124815,2.96557e-13,1
0018-2024dataASPMv2,25,2010.5,211,211,211,5.4202,0.012463,3.20311e-13,1
0018-2024dataASPMv2,25,2011.5,238,238,238,6.20909,0.014017,3.47831e-13,1
0018-2024dataASPMv2,25,2012.5,226,226,226,6.01727,0.0127727,3.14697e-13,1
0018-2024dataASPMv2,25,2013.5,234,234,234,6.30432,0.0122478,2.3918e-13,1
0018-2024dataASPMv2,25,2014.5,542,542,542,14.4996,0.0262489,1.90178e-13,1
0018-2024dataASPMv2,25,2015.5,400,400,400,10.4735,0.018587,1.73861e-13,1
0018-2024dataASPMv2,25,2016.5,259,259,259,6.63658,0.0118566,2.022e-13,1
0018-2024dataASPMv2,25,2017.5,264,264,264,6.64428,0.0121474,1.69288e-13,1
0018-2024dataASPMv2,25,2018.5,218,218,218,5.41778,0.0104535,1.78032e-13,1
0018-2024dataASPMv2,25,2019.5,539,539,539,13.3173,0.028028,1.78818e-13,1
0018-2024dataASPMv2,25,2020.5,516,516,516,12.8176,0.0300763,2.13555e-13,1
0018-2024dataASPMv2,25,2021.5,102.6,102.6,102.6,2.59451,0.00652359,2.68025e-13,1
0018-2024dataASPMv2,25,2022.5,172,172,172,4.43148,0.0112271,3.05201e-13,1
0018-2024dataASPMv2,26,2017.5,567.645,567.645,567.645,21.7173,0.0339521,2.54538e-13,1
0018-2024dataASPMv2,26,2018.5,765.498,765.498,765.498,29.1553,0.0482566,2.75097e-13,1
0018-2024dataASPMv2,26,2019.5,1272.81,1272.81,1272.81,48.9725,0.0870831,2.88511e-13,1
0018-2024dataASPMv2,26,2020.5,1527.57,1527.57,1527.57,60.3343,0.115469,3.42865e-13,1
0018-2024dataASPMv2,26,2021.5,1657.5,1657.5,1657.5,66.9593,0.13326,4.11846e-13,1
0018-2024dataASPMv2,26,2022.5,1043.58,1043.58,1043.58,42.8747,0.0843698,4.43157e-13,1
0018-2024dataASPMv2,27,1980.5,0.09,0.09,0.09,0.00360177,9.58842e-06,5.96314e-13,1
0018-2024dataASPMv2,27,1986.5,0.04,0.04,0.04,0.00157338,3.91941e-06,5.4013e-13,1
0018-2024dataASPMv2,27,1987.5,0.1,0.1,0.1,0.00392529,9.71011e-06,5.42134e-13,1
0018-2024dataASPMv2,27,1992.5,0.04,0.04,0.04,0.00159298,3.79866e-06,6.09282e-13,1
0018-2024dataASPMv2,27,2014.5,0.04,0.04,0.04,0.00164402,2.3333e-06,2.49704e-13,1
0018-2024dataASPMv2,28,2002.5,0.015,0.015,1.23367,0.015,5.60301e-05,5.86585e-10,1
0018-2024dataASPMv2,28,2003.5,0.032,0.032,2.60763,0.032,0.000118051,5.72599e-10,1
0018-2024dataASPMv2,28,2004.5,0.461,0.461,37.1897,0.461,0.00165016,5.37335e-10,1
0018-2024dataASPMv2,28,2005.5,0.188,0.188,15.0642,0.188,0.000647851,4.98778e-10,1
0018-2024dataASPMv2,28,2006.5,0.143,0.143,11.4034,0.143,0.000470895,4.56237e-10,1
0018-2024dataASPMv2,28,2007.5,0.057,0.057,4.5403,0.057,0.000180385,4.20822e-10,1
0018-2024dataASPMv2,28,2008.5,0.029,0.029,2.31739,0.029,8.88719e-05,3.94022e-10,1
0018-2024dataASPMv2,28,2009.5,0.035,0.035,2.81618,0.035,0.000105092,3.7734e-10,1
0018-2024dataASPMv2,28,2010.5,3.23,3.23,262.095,3.23,0.00970287,3.78213e-10,1
0018-2024dataASPMv2,28,2011.5,13.823,13.823,1126.74,13.823,0.0418747,3.86119e-10,1
0018-2024dataASPMv2,28,2012.5,5.649,5.649,459.419,5.649,0.0169761,3.79073e-10,1
0018-2024dataASPMv2,28,2013.5,0.123,0.123,9.93076,0.123,0.000355803,3.49736e-10,1
0018-2024dataASPMv2,28,2014.5,0.215,0.215,17.1944,0.215,0.000587223,3.11261e-10,1
0018-2024dataASPMv2,28,2015.5,1.595,1.595,126.767,1.595,0.00411592,2.77875e-10,1
0018-2024dataASPMv2,28,2016.5,0.931,0.931,73.9918,0.931,0.00228157,2.51708e-10,1
0018-2024dataASPMv2,28,2017.5,0.439,0.439,35.1147,0.439,0.00103558,2.3235e-10,1
0018-2024dataASPMv2,28,2018.5,2.747,2.747,222.509,2.747,0.00645159,2.30265e-10,1
0018-2024dataASPMv2,28,2019.5,2.263,2.263,186.469,2.263,0.00550417,2.46124e-10,1
0018-2024dataASPMv2,28,2020.5,1.225,1.225,103.049,1.225,0.00321138,2.85577e-10,1
0018-2024dataASPMv2,28,2021.5,0.111,0.111,9.48996,0.111,0.000315823,3.36652e-10,1
0018-2024dataASPMv2,28,2022.5,0.325,0.325,27.9121,0.325,0.000978945,3.77754e-10,1
0018-2024dataASPMv2,29,2010.5,0.002,0.002,0.162288,0.002,6.00797e-06,3.78213e-10,1
0018-2024dataASPMv2,29,2012.5,0.028,0.028,2.27717,0.028,8.41444e-05,3.79073e-10,1
0018-2024dataASPMv2,29,2013.5,0.306,0.306,24.7058,0.306,0.000885169,3.49736e-10,1
0018-2024dataASPMv2,29,2014.5,0.219,0.219,17.5143,0.219,0.000598148,3.11261e-10,1
0018-2024dataASPMv2,29,2015.5,0.065,0.065,5.16607,0.065,0.000167734,2.77875e-10,1
0018-2024dataASPMv2,29,2016.5,0.025,0.025,1.98689,0.025,6.12667e-05,2.51708e-10,1
0018-2024dataASPMv2,29,2017.5,0.026,0.026,2.07969,0.026,6.13329e-05,2.3235e-10,1
0018-2024dataASPMv2,29,2018.5,0.014,0.014,1.13401,0.014,3.28803e-05,2.30265e-10,1
0018-2024dataASPMv2,29,2019.5,0.065,0.065,5.35594,0.065,0.000158096,2.46124e-10,1
0018-2024dataASPMv2,29,2020.5,0.018,0.018,1.51419,0.018,4.71877e-05,2.85577e-10,1
0018-2024dataASPMv2,29,2021.5,0.021,0.021,1.7954,0.021,5.97504e-05,3.36652e-10,1
0018-2024dataASPMv2,29,2022.5,0.043,0.043,3.69298,0.043,0.000129522,3.77754e-10,1
0018-2024dataASPMv2,30,1981.5,3.61,3.61,3.61,0.077559,0.00022031,2.39255e-13,1
0018-2024dataASPMv2,30,1982.5,4.41,4.41,4.41,0.0938485,0.000265244,2.38438e-13,1
0018-2024dataASPMv2,30,1983.5,6.7,6.7,6.7,0.141471,0.000396073,2.29237e-13,1
0018-2024dataASPMv2,30,1984.5,14.76,14.76,14.76,0.310983,0.000852425,2.19516e-13,1
0018-2024dataASPMv2,30,1985.5,13.91,13.91,13.91,0.292973,0.000779446,2.07815e-13,1
0018-2024dataASPMv2,30,1986.5,17.06,17.06,17.06,0.358037,0.000927645,2.00491e-13,1
0018-2024dataASPMv2,30,1987.5,19.06,19.06,19.06,0.397279,0.00101606,1.93324e-13,1
0018-2024dataASPMv2,30,1988.5,31.36,31.36,31.36,0.65044,0.00165531,1.88908e-13,1
0018-2024dataASPMv2,30,1989.5,30.53,30.53,30.53,0.633699,0.00160301,1.98376e-13,1
0018-2024dataASPMv2,30,1990.5,28.95,28.95,28.95,0.601863,0.00151572,1.99058e-13,1
0018-2024dataASPMv2,30,1991.5,23.04,23.04,23.04,0.479193,0.001205,2.03631e-13,1
0018-2024dataASPMv2,30,1992.5,9.26,9.26,9.26,0.192743,0.000484699,2.41597e-13,1
0018-2024dataASPMv2,31,2003.5,0.009,0.009,0.733395,0.009,3.32019e-05,5.72599e-10,1
0018-2024dataASPMv2,31,2004.5,0.22,0.22,17.7478,0.22,0.000787496,5.37335e-10,1
0018-2024dataASPMv2,31,2005.5,0.019,0.019,1.52245,0.019,6.54743e-05,4.98778e-10,1
0018-2024dataASPMv2,31,2006.5,0.265,0.265,21.1322,0.265,0.000872638,4.56237e-10,1
0018-2024dataASPMv2,31,2007.5,0.23,0.23,18.3205,0.23,0.000727869,4.20822e-10,1
0018-2024dataASPMv2,31,2008.5,0.278,0.278,22.215,0.278,0.000851944,3.94022e-10,1
0018-2024dataASPMv2,31,2009.5,0.438,0.438,35.2424,0.438,0.00131515,3.7734e-10,1
0018-2024dataASPMv2,31,2010.5,0.14,0.14,11.3601,0.14,0.000420558,3.78213e-10,1
0018-2024dataASPMv2,31,2011.5,0.289,0.289,23.5569,0.289,0.000875482,3.86119e-10,1
0018-2024dataASPMv2,31,2012.5,0.1,0.1,8.13275,0.1,0.000300516,3.79073e-10,1
0018-2024dataASPMv2,31,2013.5,0.792,0.792,63.9444,0.792,0.00229103,3.49736e-10,1
0018-2024dataASPMv2,31,2014.5,1.393,1.393,111.404,1.393,0.00380466,3.11261e-10,1
0018-2024dataASPMv2,31,2015.5,1.217,1.217,96.7247,1.217,0.00314049,2.77875e-10,1
0018-2024dataASPMv2,31,2016.5,1.507,1.507,119.77,1.507,0.00369316,2.51708e-10,1
0018-2024dataASPMv2,31,2017.5,2.837,2.837,226.926,2.837,0.00669237,2.3235e-10,1
0018-2024dataASPMv2,31,2018.5,2.816,2.816,228.098,2.816,0.00661364,2.30265e-10,1
0018-2024dataASPMv2,31,2019.5,2.33,2.33,191.99,2.33,0.00566713,2.46124e-10,1
0018-2024dataASPMv2,31,2020.5,2.289,2.289,192.554,2.289,0.0060007,2.85577e-10,1
0018-2024dataASPMv2,31,2021.5,2.579,2.579,220.492,2.579,0.00733791,3.36652e-10,1
0018-2024dataASPMv2,31,2022.5,1.428,1.428,122.641,1.428,0.00430133,3.77754e-10,1
0018-2024dataASPMv2,32,1975.5,0.062,0.062,0.062,0.00141097,2.23592e-06,1.09406e-13,1
0018-2024dataASPMv2,32,1976.5,0.071,0.071,0.071,0.00162844,2.44538e-06,9.46793e-14,1
0018-2024dataASPMv2,32,1977.5,0.062,0.062,0.062,0.00141302,2.08262e-06,8.66971e-14,1
0018-2024dataASPMv2,32,1978.5,0.093,0.093,0.093,0.0021006,3.06044e-06,8.58002e-14,1
0018-2024dataASPMv2,32,1979.5,0.088,0.088,0.088,0.00196614,2.8188e-06,8.04766e-14,1
0018-2024dataASPMv2,32,1980.5,0.088,0.088,0.088,0.00194478,2.7502e-06,7.66985e-14,1
0018-2024dataASPMv2,32,1981.5,0.077,0.077,0.077,0.00167935,2.3566e-06,7.34977e-14,1
0018-2024dataASPMv2,32,1982.5,0.061,0.061,0.061,0.00131097,1.82793e-06,7.28514e-14,1
0018-2024dataASPMv2,32,1983.5,0.045,0.045,0.045,0.000957233,1.31215e-06,6.99831e-14,1
0018-2024dataASPMv2,32,1984.5,0.047,0.047,0.047,0.0009942,1.32802e-06,6.66825e-14,1
0018-2024dataASPMv2,32,1985.5,0.033,0.033,0.033,0.000694259,9.00858e-07,6.29213e-14,1
0018-2024dataASPMv2,32,1986.5,0.039,0.039,0.039,0.000812952,1.02957e-06,5.94271e-14,1
0018-2024dataASPMv2,32,1987.5,0.041,0.041,0.041,0.00084557,1.05256e-06,5.58402e-14,1
0018-2024dataASPMv2,32,1988.5,0.055,0.055,0.055,0.00112627,1.38125e-06,5.35429e-14,1
0018-2024dataASPMv2,32,1989.5,0.051,0.051,0.051,0.00104232,1.25973e-06,5.64708e-14,1
0018-2024dataASPMv2,32,1990.5,0.044,0.044,0.044,0.000894584,1.07515e-06,5.43801e-14,1
0018-2024dataASPMv2,32,1991.5,0.035,0.035,0.035,0.000708963,8.48905e-07,5.62698e-14,1
0018-2024dataASPMv2,32,1992.5,0.034,0.034,0.034,0.000690587,8.21669e-07,7.09357e-14,1
0018-2024dataASPMv2,32,1993.5,0.072,0.072,0.072,0.00150317,1.73945e-06,9.12696e-14,1
0018-2024dataASPMv2,32,1994.5,0.017,0.017,0.017,0.00036686,4.06225e-07,1.28531e-13,1
0018-2024dataASPMv2,32,1995.5,0.044,0.044,0.044,0.00095242,1.03525e-06,1.4832e-13,1
0018-2024dataASPMv2,32,1996.5,0.044,0.044,0.044,0.000932297,1.02342e-06,9.26947e-14,1
0018-2024dataASPMv2,32,1997.5,0.091,0.091,0.091,0.00187684,2.10079e-06,9.97232e-14,1
0018-2024dataASPMv2,32,1998.5,0.012,0.012,0.012,0.000242833,2.74257e-07,1.30471e-13,1
0018-2024dataASPMv2,32,1999.5,0.026,0.026,0.026,0.000523743,5.95326e-07,1.13813e-13,1
0018-2024dataASPMv2,32,2000.5,0.007,0.007,0.007,0.000143595,1.61988e-07,1.08724e-13,1
0018-2024dataASPMv2,32,2001.5,0.031,0.031,0.031,0.000653831,7.19096e-07,1.00884e-13,1
0018-2024dataASPMv2,32,2002.5,0.041,0.041,0.041,0.000884563,9.45721e-07,1.05992e-13,1
0018-2024dataASPMv2,32,2003.5,0.036,0.036,0.036,0.000791601,8.1805e-07,1.08106e-13,1
0018-2024dataASPMv2,32,2004.5,0.043,0.043,0.043,0.000954861,9.58502e-07,8.38569e-14,1
0018-2024dataASPMv2,32,2005.5,0.068,0.068,0.068,0.00150537,1.4791e-06,8.72284e-14,1
0018-2024dataASPMv2,32,2006.5,0.182,0.182,0.182,0.00396494,3.84432e-06,9.02064e-14,1
0018-2024dataASPMv2,32,2007.5,0.115,0.115,0.115,0.00245684,2.37231e-06,7.80971e-14,1
0018-2024dataASPMv2,32,2008.5,0.161,0.161,0.161,0.00339198,3.24582e-06,6.76701e-14,1
0018-2024dataASPMv2,32,2009.5,0.03,0.03,0.03,0.000625252,5.9229e-07,5.50252e-14,1
0018-2024dataASPMv2,32,2010.5,0.052,0.052,0.052,0.001086,1.01444e-06,5.99636e-14,1
0018-2024dataASPMv2,32,2011.5,0.125,0.125,0.125,0.00268759,2.40952e-06,7.4566e-14,1
0018-2024dataASPMv2,32,2012.5,0.072,0.072,0.072,0.00160927,1.35168e-06,6.31782e-14,1
0018-2024dataASPMv2,32,2013.5,0.021,0.021,0.021,0.000477928,3.76927e-07,4.41227e-14,1
0018-2024dataASPMv2,32,2014.5,0.013,0.013,0.013,0.000291321,2.23028e-07,3.54961e-14,1
0018-2024dataASPMv2,32,2015.5,0.01,0.01,0.01,0.000216751,1.66373e-07,3.30201e-14,1
0018-2024dataASPMv2,32,2016.5,0.014,0.014,0.014,0.00029337,2.26682e-07,4.15543e-14,1
0018-2024dataASPMv2,32,2017.5,0.026,0.026,0.026,0.000525748,4.11113e-07,3.053e-14,1
0018-2024dataASPMv2,32,2018.5,0.031,0.031,0.031,0.000607639,4.87889e-07,2.97484e-14,1
0018-2024dataASPMv2,32,2019.5,0.017,0.017,0.017,0.000325434,2.73238e-07,2.37251e-14,1
0018-2024dataASPMv2,32,2020.5,0.006,0.006,0.006,0.000113509,1.01014e-07,2.38358e-14,1
0018-2024dataASPMv2,32,2021.5,0.008,0.008,0.008,0.000151201,1.41161e-07,2.92107e-14,1
0018-2024dataASPMv2,32,2022.5,0.015,0.015,0.015,0.000289544,2.72774e-07,3.4801e-14,1
